{
    "test_loss": 0.2660242044366896,
    "test_accuracy": 0.918,
    "precision": 0.9193322203775025,
    "recall": 0.918,
    "f1_score": 0.9174883769231678,
    "inference_time_ms": 6.438715696334839,
    "num_parameters": 2236106,
    "model_size_mb": 8.660591125488281,
    "confusion_matrix": [
        [
            82,
            1,
            0,
            0,
            1,
            0,
            1,
            0,
            0,
            0
        ],
        [
            0,
            124,
            0,
            0,
            0,
            0,
            1,
            1,
            0,
            0
        ],
        [
            1,
            0,
            109,
            0,
            1,
            0,
            1,
            3,
            1,
            0
        ],
        [
            1,
            0,
            3,
            97,
            1,
            0,
            0,
            1,
            3,
            1
        ],
        [
            0,
            1,
            0,
            0,
            105,
            0,
            0,
            0,
            1,
            3
        ],
        [
            1,
            0,
            0,
            4,
            0,
            71,
            3,
            2,
            6,
            0
        ],
        [
            3,
            0,
            0,
            0,
            0,
            1,
            83,
            0,
            0,
            0
        ],
        [
            0,
            0,
            2,
            2,
            0,
            0,
            0,
            94,
            0,
            1
        ],
        [
            0,
            8,
            2,
            2,
            1,
            0,
            2,
            2,
            72,
            0
        ],
        [
            0,
            0,
            0,
            0,
            4,
            0,
            0,
            3,
            6,
            81
        ]
    ],
    "best_validation_loss": 0.2600382432341576
}